Direct patients,Date,Day,Visit Time
Ramesh Kumar,2026-08-09,Sun,09:05 AM
Priya Suresh,2026-08-09,Sun,09:35 AM
Anitha R,2026-08-09,Sun,10:15 AM
Karthik V,2026-08-09,Sun,10:45 AM
Divya M,2026-08-09,Sun,08:20 AM
Sanjay Patel,2026-08-09,Sun,05:10 PM
Lakshmi N,2026-08-09,Sun,05:40 PM
Arjun S,2026-08-09,Sun,06:15 PM
Meena K,2026-08-09,Sun,07:05 PM
Vijay Raghavan,2026-08-09,Sun,08:30 PM
Kavya Iyer,2026-08-10,Mon,09:05 AM
Suresh Babu,2026-08-10,Mon,09:35 AM
Deepa Nair,2026-08-10,Mon,10:15 AM
Ganesh P,2026-08-10,Mon,10:45 AM
Nithya S,2026-08-10,Mon,08:20 AM
Rahul Menon,2026-08-10,Mon,05:10 PM
Swathi R,2026-08-10,Mon,05:40 PM
Manoj T,2026-08-10,Mon,06:15 PM
Bhavani K,2026-08-10,Mon,07:05 PM
Prakash V,2026-08-10,Mon,08:30 PM
John Doe,2026-08-09,Sun,05:00 AM
Akshayaa,2026-08-09,Sun,10:00 AM
Rani,2026-08-09,Sun,10:00 AM
Keerthana,2026-08-09,Sun,10:00 AM
Karish,2026-08-09,Sun,10:00 AM
Kaviya,2026-08-09,Sun,10:00 AM
Santha,2026-08-09,Sun,10:00 AM
